{"cameraMode":{"drawMode":0,"name":"Shaded","section":"Shading Mode"},"sceneLighting":false,"audioPlay":false,"sceneViewState":{"m_AlwaysRefresh":false,"showFog":true,"showSkybox":true,"showFlares":true,"showImageEffects":true,"showParticleSystems":true,"showVisualEffectGraphs":true,"m_FxEnabled":true},"in2DMode":false,"pivot":{"x":28.46285629272461,"y":7.208900451660156,"z":29.676860809326173},"rotation":{"x":-0.2187402844429016,"y":-0.04916008561849594,"z":0.011022916063666344,"w":-0.9744680523872376},"size":11.925186157226563,"orthographic":false}