{"cameraMode":{"drawMode":0,"name":"Shaded","section":"Shading Mode"},"sceneLighting":false,"audioPlay":false,"sceneViewState":{"m_AlwaysRefresh":false,"showFog":true,"showSkybox":true,"showFlares":true,"showImageEffects":true,"showParticleSystems":true,"showVisualEffectGraphs":true,"m_FxEnabled":true},"in2DMode":false,"pivot":{"x":1321.774658203125,"y":143.95620727539063,"z":1057.1595458984375},"rotation":{"x":-0.0751739963889122,"y":0.045437898486852649,"z":-0.0030627332162111999,"w":-0.9961326122283936},"size":1066.6549072265625,"orthographic":false}