{"cameraMode":{"drawMode":0,"name":"Shaded","section":"Shading Mode"},"sceneLighting":false,"audioPlay":false,"sceneViewState":{"m_AlwaysRefresh":false,"showFog":true,"showSkybox":true,"showFlares":true,"showImageEffects":true,"showParticleSystems":true,"showVisualEffectGraphs":true,"m_FxEnabled":true},"in2DMode":false,"pivot":{"x":1497.663330078125,"y":52.837806701660159,"z":942.0285034179688},"rotation":{"x":-0.1006363034248352,"y":0.006558605935424566,"z":-0.0002966972824651748,"w":-0.9949045181274414},"size":783.8084716796875,"orthographic":false}