{"cameraMode":{"drawMode":0,"name":"Shaded","section":"Shading Mode"},"sceneLighting":false,"audioPlay":false,"sceneViewState":{"m_AlwaysRefresh":false,"showFog":true,"showSkybox":true,"showFlares":true,"showImageEffects":true,"showParticleSystems":true,"showVisualEffectGraphs":true,"m_FxEnabled":true},"in2DMode":false,"pivot":{"x":13.149686813354493,"y":-5.258069038391113,"z":-39.9999885559082},"rotation":{"x":0.004465594422072172,"y":0.9951359629631043,"z":-0.061610568314790729,"w":0.07803348451852799},"size":34.24264907836914,"orthographic":false}