{"cameraMode":{"drawMode":0,"name":"Shaded","section":"Shading Mode"},"sceneLighting":false,"audioPlay":false,"sceneViewState":{"m_AlwaysRefresh":false,"showFog":true,"showSkybox":true,"showFlares":true,"showImageEffects":true,"showParticleSystems":true,"showVisualEffectGraphs":true,"m_FxEnabled":true},"in2DMode":false,"pivot":{"x":28.30596351623535,"y":9.359480857849121,"z":-1.8033760786056519},"rotation":{"x":-0.15842872858047486,"y":0.36564069986343386,"z":-0.06300763040781021,"w":-0.9151730537414551},"size":3.4246907234191896,"orthographic":false}