{"cameraMode":{"drawMode":0,"name":"Shaded","section":"Shading Mode"},"sceneLighting":false,"audioPlay":false,"sceneViewState":{"m_AlwaysRefresh":false,"showFog":true,"showSkybox":true,"showFlares":true,"showImageEffects":true,"showParticleSystems":true,"showVisualEffectGraphs":true,"m_FxEnabled":true},"in2DMode":false,"pivot":{"x":31.502534866333009,"y":-3.5785326957702638,"z":157.4615020751953},"rotation":{"x":0.06627761572599411,"y":0.28907570242881777,"z":-0.020076941698789598,"w":0.9547697901725769},"size":24.79701805114746,"orthographic":false}